,comfort reward,energy reward
0,-0.0,-1.5248689534142459
1,-0.0,-91.40372624715593
2,-0.0,-29.899765411545268
3,-0.0,-2.131238045406573
4,-0.0,-2.033701262331679
5,-0.0,-77.65352223186329
6,-0.0,-2.17495519561421
7,-0.0,-1.7271578869023572
8,-0.0,-1.5248689534142459
9,-0.0,-85.48688103402438
10,-0.0,-28.34946200876335
11,-0.0,-1.5248689534142459
12,-0.0,-1.5248689534142459
13,-0.0,-1.5248689534142459
14,-0.0,-87.38103570950462
15,-0.0,-1.5248689534142459
16,-0.0,-1.5248689534142459
17,-0.0,-1.5248689534142459
18,-0.0,-1.795446340435956
19,-0.0,-2.155692411395496
20,-0.0,-92.34320720668018
21,-0.0,-1.5248689534142459
22,-0.0,-59.74354370155291
23,-0.0,-24.822258891082928
24,-0.0,-1.5248689534142459
25,-0.0,-39.739794174691276
26,-0.0,-1.800782803443567
27,-0.0,-2.1698828268776897
28,-0.0,-2.169882806032925
29,-0.0,-2.169882806032925
30,-0.0,-2.169882806032925
31,-0.0,-2.169882806032925
32,-3.35564487082638,-0.4761327341242134
33,-2.7,-0.44669119178522576
34,-3.6499406275591944,-4.458002351667969
35,-3.9685980027498853,-4.475049646548538
36,-3.523093175899333,-4.462052397753385
37,-3.229146338856856,-4.477115443187983
38,-2.989118646249424,-4.485419253054203
39,-2.7827201512534145,-4.506628679397749
40,-2.7,-4.528223221757043
41,-3.448234223446771,-8.096050627415503
42,-2.870896144016754,-5.429367279883121
43,-2.7,-4.487822206516805
44,-3.8478705829564674,-9.291275399249734
45,-2.7,-4.095361156497253
46,-2.7,-4.130419077948938
47,-2.7,-4.175123713077776
48,-2.7,-3.6005974208236866
49,-2.7,-3.592175629583433
50,-2.7,-3.5903445338521522
51,-2.7,-3.578155199809064
52,-2.7,-4.199525577380272
53,-2.7,-4.202305178982604
54,-2.7,-4.277398989383333
55,-2.7,-4.251974759818884
56,-4.172301834573297,-17.06971231697587
57,-2.7,-4.269675943750817
58,-2.7,-4.536479972501306
59,-2.7,-4.438427752041214
60,-2.7,-4.5362595690464875
61,-2.7,-4.589142800005714
62,-2.7,-6.050200847024782
63,-2.7,-4.640940941934016
64,-2.7,-4.71704147832302
65,-2.7,-4.799620873182151
66,-4.25593102884104,-19.323909829692703
67,-3.036903459505833,-4.311884040711806
68,-4.26851302818888,-8.547857159486547
69,-3.316910775678722,-4.3237399723594265
70,-4.48424357505808,-17.05784657634302
71,-3.658457759114719,-4.331891114317586
72,-4.472729066166858,-14.754712020222101
73,-4.6662866815982245,-5.544090646258001
74,-4.978672310204064,-5.403863916344265
75,-5.368794611498317,-5.275521756151087
76,-6.079531726432677,-5.102076353454604
77,-6.601692120789096,-4.956015398121433
78,-7.112318952175416,-4.782123368753185
79,-7.428992629433181,-4.63583426210623
80,-4.726390963309327,-19.09485752314821
81,-6.995690007955525,-4.678810678121488
82,-7.880193059710066,-4.539327338699196
83,-7.247490246772648,-0.5310958524792994
84,-0.0,-2.4407117351391947
85,-0.0,-23.49666704155247
86,-0.0,-10.40822122246535
87,-0.0,-1.5248689534142459
88,-0.0,-1.5248689534142459
89,-0.0,-93.07561022270056
90,-0.0,-31.33729598848649
91,-0.0,-1.5248689534142459
92,-0.0,-1.5248689534142459
93,-0.0,-1.5248689534142459
94,-0.0,-1.5248689534142459
95,-0.0,-1.5248689534142459
96,-0.0,-101.35160111208751
97,-0.0,-1.5248689534142459
98,-0.0,-39.446664953949174
99,-0.0,-1.5248689534142459
100,-0.0,-1.5248689534142459
101,-0.0,-1.5248689534142459
102,-0.0,-1.5248689534142459
103,-0.0,-70.09743404192655
104,-0.0,-1.5248689534142459
105,-0.0,-1.5248689534142459
106,-0.0,-74.3747300672791
107,-0.0,-1.5248689534142459
108,-0.0,-118.030969884089
109,-0.0,-1.5248689534142459
110,-0.0,-1.541762448638091
111,-0.0,-1.693047214419694
112,-0.0,-129.4678737421566
113,-0.0,-32.97544901315436
114,-0.0,-1.663631076632913
115,-0.0,-1.751418609611392
116,-0.0,-12.45653222893746
117,-0.0,-1.7178510308861
118,-0.0,-1.648931666304587
119,-0.0,-1.59183802215415
120,-0.0,-94.29460519336055
121,-0.0,-1.5248689534142459
122,-0.0,-1.5248689534142459
123,-0.0,-1.5248689534142459
124,-0.0,-1.5248689534142459
125,-0.0,-1.5248689534142459
126,-0.0,-1.5248689534142459
127,-0.0,-67.96763455836565
128,-3.8076981868856534,-0.2569129228571677
129,-2.7978958983001343,-0.3515947071178001
130,-2.7,-0.3816373975005223
131,-2.7,-2.741780204975969
132,-2.7,-1.522819748031523
133,-2.7,-4.690031694605307
134,-2.7,-4.116954486601613
135,-4.389522468670496,-12.56741300415788
136,-3.1199649981766355,-4.075266429075839
137,-2.7,-4.14238496153725
138,-2.7,-4.244352705315217
139,-2.7,-0.44892740501290873
140,-2.7,-5.6378082903724085
141,-2.7,-4.053571740956516
142,-2.7,-4.101285336498128
143,-2.7,-4.170167519645764
144,-2.7,-3.4108368136148353
145,-2.7,-3.422127854987201
146,-2.7,-3.4603170180324043
147,-2.7,-3.4971382131864943
148,-2.7872982860050266,-6.703993015517646
149,-2.7,-4.269819964424101
150,-2.969321925359177,-6.053065985427004
151,-2.7,-4.2957825678261345
152,-2.7,-4.737588323213462
153,-2.7,-5.093970422415868
154,-2.7,-4.903353064093706
155,-2.7,-4.9461302450808695
156,-2.7,-5.1203186577171245
157,-2.7,-5.764966118926116
158,-2.7,-4.969795355032833
159,-2.7,-5.062284166494926
160,-2.7,-6.09206002282087
161,-2.7,-4.873700081023964
162,-2.7,-4.858561090902129
163,-2.7,-4.840385219919768
164,-2.7,-4.829980743620463
165,-2.7,-4.782735152401179
166,-2.7,-4.7331208888081
167,-2.799859387224186,-5.251776151460694
168,-4.459813514252983,-17.24779906008082
169,-4.420217188912608,-7.200321153520081
170,-4.7811497678847905,-6.040283981617876
171,-5.173044367089816,-5.535185115911611
172,-5.942292892618947,-5.398598228000398
173,-4.568841603110701,-14.58384469501586
174,-6.586649485214417,-5.069259623078802
175,-5.516901911574793,-0.3346407725463981
176,-4.364166833613866,-2.2272120180566266
177,-4.54045052828637,-0.20877543241378688
178,-4.963857567906293,-0.1524868953414246
179,-4.50741359150453,-2.281096523412759
180,-0.0,-1.5248689534142459
181,-0.0,-1.5248689534142459
182,-0.0,-51.499334470753205
183,-0.0,-1.5248689534142459
184,-0.0,-3.6562323882093644
185,-0.0,-1.5248689534142459
186,-0.0,-75.32675965898181
187,-0.0,-27.203036341208172
188,-0.0,-48.80277556416041
189,-0.0,-1.563719684409876
190,-0.0,-1.5248689534142459
191,-0.0,-1.5248689534142459
192,-0.0,-1.5248689534142459
193,-0.0,-105.5877090058833
194,-0.0,-43.11328952948407
195,-0.0,-7.471691449685185
196,-0.0,-1.5248689534142459
197,-0.0,-37.63440433421919
198,-0.0,-26.64371148560907
199,-0.0,-1.5248689534142459
200,-0.0,-2.928780794499898
201,-0.0,-1.5248689534142459
202,-0.0,-77.50320882599225
203,-0.0,-109.7223918586666
204,-0.0,-69.24306093627408
205,-0.0,-71.79199219791734
206,-0.0,-1.5248689534142459
207,-0.0,-1.5248689534142459
208,-0.0,-1.9004100656975271
209,-0.0,-1.5248689534142459
210,-0.0,-76.97633326016917
211,-0.0,-32.90999598211417
212,-0.0,-2.1749277493871157
213,-0.0,-1.761570615208347
214,-0.0,-1.874409863260752
215,-0.0,-1.991633313789215
216,-0.0,-30.27912522874314
217,-0.0,-1.8880720470103198
218,-0.0,-1.784133219483748
219,-0.0,-1.719330888968096
220,-0.0,-91.3882502333713
221,-0.0,-1.5248689534142459
222,-0.0,-1.5248689534142459
223,-0.0,-1.5248689534142459
224,-6.6232089615724,-0.159237863813145
225,-5.567958192731672,-0.15285435224168067
226,-4.534322699501136,-1.038776801647566
227,-4.1031487482577935,-0.1524868953414246
228,-2.80231451944085,-0.1524868953414246
229,-4.443826380999478,-3.493199835949929
230,-2.7,-0.32972278148872974
231,-2.7,-0.44065974898234456
232,-2.887088943307785,-3.718554837099408
233,-3.6332185639181596,-3.774140810743936
234,-4.472030426961311,-15.990883076528053
235,-4.495993688916881,-11.499941707981542
236,-4.159236365485381,-3.390902621029427
237,-4.054634923848589,-3.4085922509929514
238,-4.041750765595876,-3.4317559813248613
239,-4.024136849637743,-3.4417412859532313
240,-3.809529646748243,-2.920899609221178
241,-3.6203272221372678,-2.9247115244845134
242,-3.5273587814129166,-2.941900381031565
243,-3.4782471146416136,-2.948585659798466
244,-3.7054852706285644,-3.5533124629947554
245,-2.7603266362470005,-1.67676766309659
246,-2.7,-0.1524868953414246
247,-4.330080963714618,-2.5097922832474113
248,-2.7,-0.1524868953414246
249,-2.7,-0.1524868953414247
250,-4.2264110536146555,-3.5345630219668234
251,-2.7,-0.1524868953414246
252,-2.7,-0.1795884111097013
253,-4.173601391504823,-3.982457717492125
254,-2.7,-0.33617824157281767
255,-2.7,-1.0893982764567272
256,-2.9882661330483162,-4.115919032087684
257,-3.7267415331691476,-4.060876868190831
258,-4.101269565783205,-3.98607485845769
259,-4.4807281329535575,-14.97229304628587
260,-2.7,-0.4373350998019193
261,-2.7,-0.3242659906033745
262,-2.7,-0.1524868953414246
263,-2.7,-0.1524868953414246
264,-4.24571057846246,-2.8223117847142785
265,-2.8461405384881466,-0.1524868953414247
266,-2.7,-0.1524868953414246
267,-2.7,-0.1524868953414246
268,-2.7,-0.1524868953414246
269,-2.808823441042422,-0.1524868953414246
270,-3.2512512447441004,-0.1524868953414246
271,-3.63440316734129,-0.1524868953414246
272,-4.194818192639468,-0.1524868953414246
273,-4.899730209133519,-0.1524868953414246
274,-5.330093491632383,-0.1524868953414246
275,-4.51925105728939,-2.6354247620736366
276,-0.0,-22.53869297448243
277,-0.0,-31.12479753328112
278,-0.0,-1.5248689534142459
279,-0.0,-55.61192080891218
280,-0.0,-29.33985568902257
281,-0.0,-1.5248689534142459
282,-0.0,-66.59117080352014
283,-0.0,-1.5248689534142459
284,-0.0,-1.5248689534142459
285,-0.0,-25.438071515945797
286,-0.0,-1.5248689534142459
287,-0.0,-1.5248689534142459
288,-0.0,-1.5248689534142459
289,-0.0,-1.5248689534142459
290,-0.0,-123.96772377518701
291,-0.0,-1.5248689534142459
292,-0.0,-1.5248689534142459
293,-0.0,-1.5248689534142459
294,-0.0,-1.5966588219774058
295,-0.0,-1.7069427027187
296,-0.0,-138.4461618270251
297,-0.0,-1.629107964691592
298,-0.0,-1.7340003669841229
299,-0.0,-1.838022608331253
300,-0.0,-1.9918636440796
301,-0.0,-2.139974358512308
302,-0.0,-2.310444747713687
303,-0.0,-2.504163122202513
304,-0.0,-153.4368711724656
305,-0.0,-1.865588166877098
306,-0.0,-89.77889723290151
307,-0.0,-1.6507637354001639
308,-0.0,-126.2300372208993
309,-0.0,-1.538091545878311
310,-0.0,-1.587304314925979
311,-0.0,-120.1673433607575
312,-0.0,-83.30171964164276
313,-0.0,-67.9915001501971
314,-0.0,-1.5248689534142459
315,-0.0,-1.5248689534142459
316,-0.0,-1.5248689534142459
317,-0.0,-95.52374865777955
318,-0.0,-53.99678081083488
319,-0.0,-1.8135278434057809
320,-5.256786585153239,-0.2806183954154707
321,-4.530358990407275,-0.2362180765086986
322,-3.8476063742007427,-0.2028849928579133
323,-3.250023095183452,-0.17867860335400249
324,-2.7,-0.15838727399913488
325,-2.7,-0.2974200353561878
326,-2.7,-0.1524868953414246
327,-2.7,-0.1524868953414246
328,-2.7,-1.48617251712139
329,-2.7,-2.7619416289406145
330,-2.7,-0.3206975227655222
331,-2.7,-0.7547413167384582
332,-2.7,-3.774819395875719
333,-4.3383118052546275,-12.911976704274911
334,-3.5494582000817503,-3.609965700871412
335,-3.4653404264350876,-3.619920386899456
336,-3.699342170483582,-3.1875289874489794
337,-4.456588287333458,-5.244700762472701
338,-3.7742326501501418,-2.884141007462757
339,-3.496598068875227,-2.901005798737001
340,-3.6660560840642704,-3.6754252886487433
341,-3.825826144565238,-3.727434760490062
342,-4.318387155155375,-4.132140139277156
343,-4.132785455214444,-3.734958902920817
344,-4.001970287666989,-4.029980707544214
345,-3.9861913751804545,-4.065263402547971
346,-3.928345580697716,-4.099317990568997
347,-3.8164647891216754,-4.126820004967024
348,-3.7533004785968602,-4.155032639308672
349,-3.6519005833367735,-4.187278430340444
350,-3.5827440675456224,-4.217885042338878
351,-3.5551697546527374,-4.2487651282064824
352,-3.7247947761782334,-4.229581914593909
353,-3.876902644055384,-4.205751597914939
354,-3.993144168898695,-4.166110429646601
355,-4.112877749673959,-4.121314314616797
356,-4.228296978691331,-4.110785914260241
357,-4.342051393811748,-4.099812516898572
358,-4.441923781141087,-4.086552132136665
359,-4.532153807817668,-4.071223016662972
360,-4.504436844114943,-9.768568670436537
361,-5.407930147285784,-5.229446856293792
362,-5.868419752036492,-5.104871065499963
363,-6.222623790089484,-4.956589802581981
364,-6.870254542395878,-4.810384236598067
365,-4.266670058301422,-4.132145263484849
366,-4.5566672423028844,-0.26873340388652733
367,-4.646991309340212,-0.20646015539978152
368,-5.05056632154437,-0.17481571504434051
369,-5.4287024333165474,-0.1524868953414246
370,-5.6548696651939085,-0.1524868953414246
371,-4.510079846408341,-3.9676360838382734
372,-0.0,-1.5248689534142459
373,-0.0,-1.5248689534142459
374,-0.0,-1.5248689534142459
375,-0.0,-18.30391753223596
376,-0.0,-1.5248689534142459
377,-0.0,-1.5248689534142459
378,-0.0,-96.34387305781978
379,-0.0,-1.5248689534142459
380,-0.0,-1.5248689534142459
381,-0.0,-1.5248689534142459
382,-0.0,-1.5248689534142459
383,-0.0,-7.964175099955859
384,-0.0,-102.68243232455619
385,-0.0,-6.981431533576433
386,-0.0,-1.5248689534142459
387,-0.0,-85.17477001403817
388,-0.0,-1.5248689534142459
389,-0.0,-29.987230982161417
390,-0.0,-1.5248689534142459
391,-0.0,-83.34120979661539
392,-0.0,-1.5248689534142459
393,-0.0,-1.5248689534142459
394,-0.0,-1.5248689534142459
395,-0.0,-1.5248689534142459
396,-0.0,-96.56726440381836
397,-0.0,-34.57424434399158
398,-0.0,-1.5248689534142459
399,-0.0,-1.5248689534142459
400,-0.0,-1.5248689534142459
401,-0.0,-1.5248689534142459
402,-0.0,-111.3762317159587
403,-0.0,-1.5248689534142459
404,-0.0,-1.5248689534142459
405,-0.0,-1.5248689534142459
406,-0.0,-94.89088714209655
407,-0.0,-1.5248689534142459
408,-0.0,-1.5248689534142459
409,-0.0,-84.22457558699172
410,-0.0,-2.356489761884831
411,-0.0,-1.5248689534142459
412,-0.0,-1.5248689534142459
413,-0.0,-73.2407267311827
414,-0.0,-17.32337297540528
415,-0.0,-1.5248689534142459
416,-0.0,-1.5248689534142459
417,-0.0,-1.5248689534142459
418,-0.0,-1.5248689534142459
419,-0.0,-1.5248689534142459
420,-0.0,-1.5248689534142459
421,-0.0,-24.9872157562474
422,-0.0,-1.5248689534142459
423,-0.0,-1.5248689534142459
424,-0.0,-1.5248689534142459
425,-0.0,-1.5248689534142459
426,-0.0,-1.8008336250231178
427,-0.0,-2.048193127834176
428,-0.0,-2.5710528620126056
429,-0.0,-9.868876615449363
430,-0.0,-69.60716424030967
431,-0.0,-46.85621785591993
432,-0.0,-45.199922326892505
433,-0.0,-44.25413588486861
434,-0.0,-43.86875484266141
435,-0.0,-43.74378682673647
436,-0.0,-173.6097197294805
437,-0.0,-46.1608150142848
438,-0.0,-106.0379628106028
439,-0.0,-49.50986078429879
440,-0.0,-44.92173639048462
441,-0.0,-181.23772890571422
442,-0.0,-46.14104902035988
443,-0.0,-7.812349613066947
444,-0.0,-3.085102315329434
445,-0.0,-3.088898273075145
446,-0.0,-16.73707040407467
447,-0.0,-3.096579327302152
448,-0.0,-4.267425810096913
449,-0.0,-2.592057161477474
450,-0.0,-6.99024727554427
451,-0.0,-2.072939396477503
452,-0.0,-1.8078195551725909
453,-0.0,-1.5248689534142459
454,-0.0,-1.5248689534142459
455,-0.0,-2.598460688416062
456,-0.0,-1.5248689534142459
457,-0.0,-7.520476124513823
458,-0.0,-7.627289544804762
459,-0.0,-11.06149184232228
460,-0.0,-1.5248689534142459
461,-0.0,-1.5248689534142459
462,-0.0,-1.5248689534142459
463,-0.0,-32.86553877880836
464,-0.0,-1.5248689534142459
465,-0.0,-1.5248689534142459
466,-0.0,-1.5248689534142459
467,-0.0,-56.890523396183944
468,-0.0,-1.5248689534142459
469,-0.0,-1.5248689534142459
470,-0.0,-1.5248689534142459
471,-0.0,-1.5248689534142459
472,-0.0,-1.5248689534142459
473,-0.0,-1.5248689534142459
474,-0.0,-1.5248689534142459
475,-0.0,-86.16046076718274
476,-0.0,-1.5248689534142459
477,-0.0,-1.5248689534142459
478,-0.0,-80.04514993875253
479,-0.0,-3.271015226228708
480,-0.0,-1.5248689534142459
481,-0.0,-1.5248689534142459
482,-0.0,-1.5248689534142459
483,-0.0,-1.5248689534142459
484,-0.0,-1.5248689534142459
485,-0.0,-45.37766320589181
486,-0.0,-1.5248689534142459
487,-0.0,-2.207271762850266
488,-0.0,-5.355967887375865
489,-0.0,-104.1645115302646
490,-0.0,-1.5248689534142472
491,-0.0,-1.5248689534142459
492,-0.0,-1.5248689534142459
493,-0.0,-107.74021801523921
494,-0.0,-1.5248689534142459
495,-0.0,-1.5248689534142459
496,-0.0,-1.5248689534142459
497,-0.0,-1.5248689534142459
498,-0.0,-1.5248689534142459
499,-0.0,-49.3131211326943
500,-0.0,-87.24991810897012
501,-0.0,-41.84210728013559
502,-0.0,-41.8169664180621
503,-0.0,-1.5248689534142459
504,-0.0,-4.092579388331255
505,-0.0,-36.62183132702524
506,-0.0,-1.5248689534142459
507,-0.0,-1.5248689534142472
508,-0.0,-1.5248689534142459
509,-0.0,-1.5248689534142459
510,-0.0,-1.5248689534142459
511,-0.0,-1.5248689534142459
512,-0.0,-18.42194438544419
513,-0.0,-1.5248689534142459
514,-0.0,-2.217400087454583
515,-0.0,-10.51147040239327
516,-0.0,-1.5248689534142459
517,-0.0,-1.5248689534142472
518,-0.0,-1.5248689534142459
519,-0.0,-1.5248689534142459
520,-0.0,-1.5248689534142459
521,-0.0,-15.14755119080007
522,-0.0,-1.5248689534142459
523,-0.0,-1.524868953414244
524,-0.0,-4.8563075893894485
525,-0.0,-1.5248689534142472
526,-0.0,-2.748315112239435
527,-0.0,-1.5248689534142459
528,-0.0,-1.5248689534142459
529,-0.0,-1.5248689534142459
530,-0.0,-1.5248689534142459
531,-0.0,-1.5248689534142459
532,-0.0,-1.5248689534142459
533,-0.0,-1.5248689534142459
534,-0.0,-1.5248689534142459
535,-0.0,-1.5248689534142459
536,-0.0,-5.702632408553663
537,-0.0,-12.257362965684031
538,-0.0,-1.5248689534142492
539,-0.0,-1.5248689534142459
540,-0.0,-5.1949363302839675
541,-0.0,-1.5248689534142459
542,-0.0,-1.5248689534142472
543,-0.0,-1.5248689534142459
544,-0.0,-25.85720970478877
545,-0.0,-29.79784239918045
546,-0.0,-1.5248689534142452
547,-0.0,-1.524868953414244
548,-0.0,-1.5248689534142459
549,-0.0,-3.4659398651020883
550,-0.0,-1.5248689534142459
551,-0.0,-1.5248689534142472
552,-0.0,-16.163700552196932
553,-0.0,-1.5248689534142459
554,-0.0,-1.5248689534142459
555,-0.0,-1.563615190353847
556,-0.0,-1.5248689534142459
557,-0.0,-1.5248689534142459
558,-0.0,-1.5248689534142459
559,-0.0,-14.98655442771214
560,-0.0,-1.5248689534142459
561,-0.0,-16.44906864079764
562,-0.0,-1.5248689534142459
563,-0.0,-1.5248689534142459
564,-0.0,-1.5248689534142459
565,-0.0,-33.81969963067653
566,-0.0,-1.5248689534142459
567,-0.0,-1.5248689534142459
568,-0.0,-7.758238651367703
569,-0.0,-7.921779653809516
570,-0.0,-1.5248689534142459
571,-0.0,-1.5248689534142459
572,-0.0,-19.88255905142902
573,-0.0,-1.5248689534142459
574,-0.0,-1.5248689534142459
575,-0.0,-1.5248689534142459
576,-0.0,-1.5248689534142459
577,-0.0,-1.5248689534142459
578,-0.0,-12.5330581571969
579,-0.0,-1.5248689534142459
580,-0.0,-1.5248689534142459
581,-0.0,-127.91015858051131
582,-0.0,-1.5248689534142459
583,-0.0,-1.5248689534142459
584,-0.0,-1.5248689534142459
585,-0.0,-1.5248689534142459
586,-0.0,-20.806549193593092
587,-0.0,-127.1817529789324
588,-0.0,-1.5248689534142459
589,-0.0,-9.973274821717933
590,-0.0,-1.5248689534142459
591,-0.0,-1.5248689534142459
592,-0.0,-28.681735148234452
593,-0.0,-1.904352070697221
594,-0.0,-2.0925214941433548
595,-0.0,-2.374790101525992
596,-0.0,-2.3262610578987633
597,-0.0,-141.26214798824319
598,-0.0,-1.7644861005993038
599,-0.0,-1.6472403767468589
600,-0.0,-1.7292443099649362
601,-0.0,-1.824382898175627
602,-0.0,-132.16921026587062
603,-0.0,-1.614316706918058
604,-0.0,-1.5248689534142459
605,-0.0,-111.2719514780544
606,-0.0,-1.5248689534142459
607,-0.0,-1.5248689534142459
608,-6.086645233890374,-0.24155576526471834
609,-4.986148406960697,-0.21619766642803903
610,-4.4049742767754205,-0.2021785718883671
611,-3.651742279276149,-0.1899736267227233
612,-2.7,-0.16531365100434312
613,-2.7,-0.20194467555391082
614,-2.7,-0.1524868953414246
615,-2.7,-0.1524868953414246
616,-4.1562252882690105,-5.1221934211385305
617,-2.7,-0.1524868953414247
618,-5.7017215155296,-6.625927386190265
619,-2.7,-0.2187866348448644
620,-2.7,-0.34238188396278807
621,-2.7,-0.324331965008804
622,-2.7,-0.37399236873094244
623,-2.7,-0.5805103943652723
624,-3.0774347344367294,-7.5605555282579955
625,-4.40455984433595,-8.29696988398559
626,-2.8513713685943545,-2.9841718875813825
627,-2.735799029024471,-4.0388968126360965
628,-2.78398548315988,-3.785641908280929
629,-2.8098051510650595,-3.80122071780062
630,-2.849061280377081,-3.8248076517427263
631,-2.908039200006563,-3.843425415658662
632,-3.065932680348297,-4.160986946501562
633,-4.432913631410273,-15.12946552183215
634,-3.686462062342558,-4.044506891375802
635,-3.424469574862621,-4.040799976140531
636,-3.4382122963372077,-4.102136055880761
637,-3.4322674716018007,-4.136781860382925
638,-3.424193704414676,-4.1519737954475975
639,-3.4421306368417355,-4.15951338776705
640,-3.6330551174911876,-4.152217930026921
641,-4.339042907694048,-5.118340967117657
642,-4.224688129169226,-4.101797663128071
643,-4.47889481206306,-14.402009092325832
644,-4.403415689536624,-3.967987884552823
645,-4.419719582559877,-3.9329641813320064
646,-4.4932301943276975,-13.41130307799885
647,-4.5813728818792265,-3.878172630846144
648,-5.304893779264069,-5.176751909058939
649,-5.715483907185217,-6.366645253145216
650,-6.091070629168277,-4.925704164379322
651,-6.321412406998874,-4.817364620184562
652,-4.586678855900083,-15.838772288912491
653,-6.848869904284826,-4.708459129715677
654,-7.449227039756216,-4.5469753958123915
655,-4.619177890969593,-6.063408288598322
656,-5.230867791339701,-0.3195333240500258
657,-5.62902830830784,-0.2849741712424935
658,-5.846551834415871,-0.2645382176028258
659,-5.968583216390682,-0.3190769565474467
660,-0.0,-57.62374887971844
661,-0.0,-2.130005549059931
662,-0.0,-43.02985056208549
663,-0.0,-2.13000554906095
664,-0.0,-45.45426784615078
665,-0.0,-2.130210355682972
666,-0.0,-2.130312907661893
667,-0.0,-67.30445645854387
668,-0.0,-22.41662726976469
669,-0.0,-2.1304155454786393
670,-0.0,-2.130415545478641
671,-0.0,-2.130415545478634
672,-0.0,-75.97804594419571
673,-0.0,-1.5248689534142459
674,-0.0,-1.5248689534142459
675,-0.0,-1.5248689534142459
676,-0.0,-85.80205487395004
677,-0.0,-1.5248689534142459
678,-0.0,-1.5248689534142459
679,-0.0,-1.5248689534142459
680,-0.0,-93.59945356885378
681,-0.0,-1.5248689534142459
682,-0.0,-1.5248689534142459
683,-0.0,-1.5248689534142459
684,-0.0,-1.5248689534142459
685,-0.0,-105.7361123468422
686,-0.0,-1.5248689534142459
687,-0.0,-1.5248689534142459
688,-0.0,-1.5248689534142459
689,-0.0,-1.5248689534142459
690,-0.0,-12.119200874253728
691,-0.0,-1.5248689534142459
692,-0.0,-72.1538549350361
693,-0.0,-23.83441221034695
694,-0.0,-1.5248689534142459
695,-0.0,-1.5248689534142459
696,-0.0,-1.5248689534142459
697,-0.0,-1.5248689534142459
698,-0.0,-1.5248689534142459
699,-0.0,-1.5248689534142459
700,-0.0,-62.90310669668877
701,-0.0,-1.5248689534142472
702,-0.0,-1.5248689534142459
703,-0.0,-2.22794748164894
704,-6.293980771832736,-6.295518414691312
705,-4.517771041542651,-5.200849335725164
706,-4.864494305489634,-3.598631112651979
707,-4.511371727195353,-14.959946362852753
708,-4.026164350019887,-3.8119627552623228
709,-3.639295765977479,-3.8784701578169827
710,-3.3942608887153156,-4.604081755796276
711,-4.38440552702957,-6.768026199784194
712,-4.491347239391508,-13.567213501765941
713,-3.221374912737804,-4.092513803142704
714,-2.7,-4.205201990880646
715,-2.7,-4.78727380145134
716,-2.7,-4.03818271377669
717,-2.7,-4.090604155685251
718,-4.271666411442745,-13.099724075564753
719,-2.7,-4.050833587234981
720,-2.7,-3.34510641310521
721,-2.7,-3.394256255240689
722,-2.7,-3.430176304484596
723,-2.7,-3.4555817300124123
724,-2.7,-4.3142825935822104
725,-2.7,-4.307610850614766
726,-2.7,-4.3001923816350605
727,-2.7,-4.650862527861356
728,-2.7,-4.6355289705325164
729,-2.7,-4.651947407033521
730,-2.7,-4.813676661169283
731,-2.7,-4.665813811211404
732,-2.7,-4.684083346966755
733,-2.7,-4.713160183368273
734,-4.145178423043187,-16.543137696583543
735,-3.227801188337494,-6.272886633207772
736,-3.269875157892615,-6.591506458019671
737,-2.7,-4.5621030596951195
738,-2.7,-4.620418573277232
739,-4.340406734455013,-16.03415441159566
740,-3.0089951277153637,-4.523511970714644
741,-2.7135783305970107,-4.569866212789511
742,-3.0947311956426105,-5.734197773629776
743,-2.904077534570316,-4.523943493942552
744,-4.4625717841367685,-16.928521832503883
745,-4.415824846313245,-5.664666524050372
746,-4.689465178813742,-5.45246180878352
747,-4.999120291820662,-5.82652062188807
748,-5.713910691451525,-5.207166041058939
749,-6.218395147481853,-6.728035015239989
750,-6.605778870801128,-4.874912514378736
751,-6.920231440855281,-4.761655168668618
752,-7.472615511178887,-4.620998343522391
753,-4.715284167316531,-18.80120461519026
754,-6.079063680528173,-9.415230441227818
755,-7.334051492340556,-4.603757338283089
756,-0.0,-44.76312486258248
757,-0.0,-149.6146209571055
758,-0.0,-190.7779012689412
759,-0.0,-180.2463840489769
760,-0.0,-45.350171945277
761,-0.0,-43.540479839879964
762,-0.0,-42.19324017218663
763,-0.0,-205.30869483801482
764,-0.0,-42.68538753813651
765,-0.0,-41.209648416027555
766,-0.0,-207.51412845631828
767,-0.0,-19.29640844771957
768,-0.0,-3.150230671240635
769,-0.0,-2.819513334092428
770,-0.0,-2.483420393268082
771,-0.0,-96.82290712438062
772,-0.0,-52.751430870410175
773,-0.0,-1.5248689534142459
774,-0.0,-1.5248689534142459
775,-0.0,-1.5248689534142459
776,-0.0,-1.5248689534142459
777,-0.0,-97.64310224853477
778,-0.0,-1.5248689534142459
779,-0.0,-1.5248689534142459
780,-0.0,-1.5248689534142459
781,-0.0,-46.79330428548083
782,-0.0,-1.5248689534142459
783,-0.0,-1.5248689534142459
784,-0.0,-1.5248689534142459
785,-0.0,-1.5248689534142459
786,-0.0,-72.13701738805678
787,-0.0,-1.5248689534142459
788,-0.0,-1.5248689534142459
789,-0.0,-3.845944733670036
790,-0.0,-41.2440923981089
791,-0.0,-64.59871522333731
792,-0.0,-1.5248689534142459
793,-0.0,-1.5248689534142459
794,-0.0,-1.5248689534142459
795,-0.0,-2.211908883513936
796,-0.0,-3.1476004976679373
797,-0.0,-24.5243232174963
798,-0.0,-22.87107237163355
799,-0.0,-143.1295661753228
800,-5.630866524256052,-3.647248525540873
801,-5.242512383407096,-3.7930098025332537
802,-4.864558099737003,-3.9394482535968245
803,-4.49849575294578,-4.290573104393859
804,-4.500122064603699,-18.99878299040894
805,-3.6388333511795703,-4.10499217724406
806,-3.1482469778480286,-4.19688786968675
807,-2.8335328821776913,-4.427605060525688
808,-4.406946807608224,-16.48266510461246
809,-2.8841898869276954,-4.324395444201729
810,-2.7,-4.436488554990093
811,-2.7,-4.513820098249621
812,-4.286348521754469,-14.740994071408132
813,-2.7,-4.364410905987636
814,-2.7,-4.244153038264081
815,-2.7,-4.302177319490823
816,-2.7,-3.6577554106889254
817,-2.7,-3.7317594524708864
818,-3.972702140297495,-13.92918072445245
819,-2.7,-3.5571099622664355
820,-2.7,-4.382743737846942
821,-2.7,-4.413758953365669
822,-2.7,-4.429757569273157
823,-2.78102591786806,-9.495588860358577
824,-2.7,-4.765171739198789
825,-2.7,-4.874682194843374
826,-3.685054226390607,-10.44153130135769
827,-4.441439810311275,-16.40323476514015
828,-2.7,-4.7200911972157815
829,-2.7,-4.838737801967681
830,-2.7,-4.889956694349057
831,-3.268848839035911,-9.995195528832973
832,-2.7,-4.782160041706273
833,-2.7,-4.8156315542312225
834,-2.7,-4.842065677914065
835,-2.7,-5.388204231120516
836,-2.7,-5.100379188023034
837,-2.7,-5.107083751843063
838,-4.407013583188291,-19.054858691229843
839,-3.5670128641592207,-4.506321006869487
840,-4.455721697396797,-15.55233782275264
841,-4.5459414320112,-5.441519740431367
842,-4.76873506126613,-5.301212404877777
843,-5.058007671072204,-5.837350646132032
844,-5.683149099268973,-5.090942010434835
845,-4.556424660702228,-13.95718444608777
846,-5.9445962621208706,-4.9547856781329775
847,-6.532307245866725,-4.8670612939262625
848,-4.596687514889892,-17.677990178703784
849,-6.831518105310069,-4.846939674932648
850,-7.427772303389676,-4.724771260831403
851,-7.723603077815592,-4.615467323346683
852,-0.0,-45.0393041480737
853,-0.0,-198.50347214860258
854,-0.0,-45.03866016896609
855,-0.0,-43.70487751147432
856,-0.0,-43.32172254632866
857,-0.0,-41.70407391749429
858,-0.0,-204.5392642103507
859,-0.0,-185.4995053864845
860,-0.0,-181.423408201922
861,-0.0,-44.28238874089952
862,-0.0,-42.66105732140588
863,-0.0,-160.2459701960973
864,-0.0,-42.35289955687923
865,-0.0,-201.1252926807968
866,-0.0,-42.59092097394649
867,-0.0,-198.0764417570563
868,-0.0,-184.2560223669182
869,-0.0,-43.09644004832322
870,-0.0,-197.3277897500986
871,-0.0,-179.63282828466347
872,-0.0,-118.13480729432469
873,-0.0,-144.5930550018985
874,-0.0,-42.294864210045404
875,-0.0,-41.10142161335157
876,-0.0,-39.47573866005054
877,-0.0,-104.0208294114092
878,-0.0,-171.61322174567488
879,-0.0,-36.45384480451032
880,-0.0,-3.559621267655286
881,-0.0,-3.559621267655284
882,-0.0,-3.559621267655284
883,-0.0,-3.559621267655284
884,-0.0,-3.559215970918447
885,-0.0,-89.06475408846936
886,-0.0,-3.782783853489403
887,-0.0,-3.5580024915671284
888,-0.0,-20.788055845053183
889,-0.0,-21.330714600995588
890,-0.0,-21.3978478076243
891,-0.0,-21.69245946817335
892,-0.0,-21.89241505010139
893,-0.0,-116.1966044104808
894,-0.0,-22.46143666813706
895,-0.0,-49.769997105240165
896,-5.670647665154458,-3.9421908770478358
897,-5.828607954473922,-5.243783441364989
898,-5.020811365440311,-4.305591037155362
899,-4.540504604269249,-4.451746056358949
900,-4.500618866373297,-21.455096054935662
901,-4.500691144376272,-17.12817714277856
902,-4.500325537737228,-13.790274989879402
903,-3.302236110640503,-4.326878156110227
904,-2.933155717321317,-5.381909634908327
905,-2.7,-4.741304126349769
906,-2.7,-7.088990717856885
907,-2.7,-5.346015878150887
908,-2.7,-5.647177320100018
909,-2.7,-5.335642235150675
910,-2.7,-5.6111401772646445
911,-3.7354005331657176,-17.419127940967382
912,-2.7,-4.124953617601883
913,-2.7,-3.900907990144843
914,-2.7,-3.9790674556918137
915,-2.7,-3.949032072632173
916,-2.7,-4.8660092459960085
917,-2.7,-12.05064307436764
918,-4.174247407561434,-14.82891993500867
919,-4.460320205751597,-11.594277960599099
920,-2.7,-4.842325113103064
921,-2.7,-4.984078775911015
922,-2.7,-5.060114182694637
923,-2.7,-5.116223053489972
924,-2.7,-5.129231710832215
925,-3.576507716279952,-11.73387855365717
926,-4.433182152256151,-17.338573473647163
927,-2.737994518639009,-4.820374026462508
928,-2.7,-4.88269169476365
929,-3.46570647317827,-8.182816096133525
930,-2.7,-4.801123372305428
931,-2.7,-5.0305974253779135
932,-2.7,-5.243027827933542
933,-4.252886009896087,-18.22940113054618
934,-3.0683526319098546,-4.6133122965109985
935,-2.8391051976325756,-4.660761604735481
936,-3.566366677050842,-5.910511063953593
937,-4.101284242974027,-5.681417469931919
938,-4.393759005718564,-7.733401647032247
939,-4.769517047709832,-5.475052975072055
940,-4.537606552809607,-11.191192520739781
941,-4.504018053923746,-11.91408989909293
942,-5.756356186593786,-5.213661912861726
943,-6.3581454637309065,-5.10041400493431
944,-6.93280512990135,-5.003829939161746
945,-4.60256577597628,-18.40373267373868
946,-6.5759129398650575,-4.9344126335843015
947,-7.34438519348114,-4.810926869764157
948,-0.0,-46.895184601304685
949,-0.0,-70.20301766975666
950,-0.0,-44.5328027343836
951,-0.0,-43.373518997165455
952,-0.0,-42.17465754991343
953,-0.0,-41.38692846026366
954,-0.0,-40.58220999020617
955,-0.0,-213.360855966644
956,-0.0,-193.2104504424881
957,-0.0,-43.16700688139116
958,-0.0,-201.06510070628428
959,-0.0,-42.93427327303409
960,-0.0,-42.290609381643705
961,-0.0,-206.46445593438472
962,-0.0,-66.19055709885887
963,-0.0,-3.556456436578096
964,-0.0,-40.86440050071134
965,-0.0,-209.1843149040287
966,-0.0,-140.5670445575768
967,-0.0,-41.61371217202518
968,-0.0,-40.35239603197922
969,-0.0,-38.63556039721551
970,-0.0,-212.81129807630012
971,-0.0,-90.13949945041254
972,-0.0,-3.5559839899369012
973,-0.0,-83.99236333582918
974,-0.0,-3.555179043527766
975,-0.0,-3.554775925103185
976,-0.0,-3.554775925522169
977,-0.0,-3.554775925522169
978,-0.0,-3.554775925522169
979,-0.0,-95.84986545210603
980,-0.0,-3.567519389261491
981,-0.0,-3.5804681766963933
982,-0.0,-3.593861424093737
983,-0.0,-87.05309780758913
984,-0.0,-21.23512109499454
985,-0.0,-129.04885651506112
986,-0.0,-21.70349335495353
987,-0.0,-123.7146897920687
988,-0.0,-97.05188516401611
989,-0.0,-21.64691341785028
990,-0.0,-20.99516797437964
991,-0.0,-20.48194893968097
992,-6.635023124971625,-3.580048937298086
993,-6.184210607892772,-3.720413683303536
994,-5.943523632715874,-3.8204187443401803
995,-5.678208098487573,-3.902500808512439
996,-5.0910488343956315,-3.9839700740370283
997,-4.582599092051865,-4.122011173422918
998,-4.296750108679011,-4.158957890529648
999,-4.484609532903675,-13.956776145117091
1000,-3.9454383290809676,-4.137752579222573
1001,-3.5268843248906414,-4.175034983865626
1002,-3.253013362580687,-4.312811929115886
1003,-4.001863301890936,-6.36405756557074
1004,-4.467223649177838,-12.244637844808018
1005,-3.096743944517405,-4.036645905988752
1006,-4.440551572232084,-11.41667496377855
1007,-3.2402269065535925,-4.436213289582606
1008,-2.7,-3.427114779565991
1009,-2.7,-3.458074274714102
1010,-2.7,-3.658478797911153
1011,-2.7,-3.503288756675177
1012,-2.7,-4.13780538885047
1013,-2.7,-4.211653229580935
1014,-2.7,-4.2716949176601675
1015,-5.477566967884043,-15.126531616133832
1016,-3.58130718853335,-4.25088449368035
1017,-4.138078177401501,-6.049141049839876
1018,-4.3183140320723945,-5.231853433662248
1019,-3.482166562167279,-4.2961244024914125
1020,-3.134468311899734,-4.334440567607165
1021,-3.1215054807578704,-4.386574448916622
1022,-3.179940895017362,-4.4368094169965415
1023,-3.2538420298873647,-4.47148380019669
1024,-4.332871794998252,-7.264866648523004
1025,-4.387722228079938,-4.479374005598392
1026,-4.107703335606504,-4.335463177854307
1027,-4.0454847013924455,-4.314368349478279
1028,-4.105795593491496,-4.361851069121696
1029,-4.164020500162788,-4.3987217314828
1030,-4.238881919826247,-4.411019989724566
1031,-4.336238302330573,-4.419235630664481
1032,-5.073875927519903,-5.6050881102756716
1033,-5.51292626435942,-5.373395925225213
1034,-5.8194131353641385,-5.258674290650053
1035,-6.1482364191807655,-6.869387864524997
1036,-4.625799099836289,-15.19653117259457
1037,-6.756151681946396,-5.003601228085807
1038,-4.606897244105756,-17.54651004158688
1039,-4.717387735497142,-0.37333466732108855
1040,-5.148575274800896,-0.3733287609543311
1041,-5.386936720728329,-0.3733287609543311
1042,-5.481509049211683,-0.3733287609543311
1043,-5.5584758424216245,-0.3733287609543311
1044,-0.0,-3.5753719853033736
1045,-0.0,-6.051203423242035
1046,-0.0,-3.6070089444176143
1047,-0.0,-9.155035441127225
1048,-0.0,-3.607008948932766
1049,-0.0,-3.607008948932746
1050,-0.0,-3.6070089489327763
1051,-0.0,-20.50722877837966
1052,-0.0,-12.004528332702058
1053,-0.0,-3.607008948932761
1054,-0.0,-3.6070089489327763
1055,-0.0,-3.607008948932746
1056,-0.0,-3.190407660581398
1057,-0.0,-76.14428149137879
1058,-0.0,-3.2525678475950768
1059,-0.0,-44.131226405968626
1060,-0.0,-3.252567924336418
1061,-0.0,-3.260672043351743
1062,-0.0,-8.095648991601127
1063,-0.0,-3.277534224834064
1064,-0.0,-59.54882304798681
1065,-0.0,-17.85843090135426
1066,-0.0,-3.277315690613348
1067,-0.0,-34.59263781473252
1068,-0.0,-3.277315690613348
1069,-0.0,-37.03056109842166
1070,-0.0,-3.277315690613348
1071,-0.0,-3.277315690613348
1072,-0.0,-3.268703693238562
1073,-0.0,-3.260455442072796
1074,-0.0,-52.57672699432815
1075,-0.0,-15.87203180531144
1076,-0.0,-3.24460450471682
1077,-0.0,-32.65033898014795
1078,-0.0,-18.5075376641657
1079,-0.0,-3.244604504725515
1080,-0.0,-3.2442635173500918
1081,-0.0,-3.243920810991339
1082,-0.0,-3.2435804308162988
1083,-0.0,-3.2432405296653557
1084,-0.0,-2.9689256898580574
1085,-0.0,-2.690421207524542
1086,-0.0,-2.407805608489327
1087,-0.0,-36.20021783778886
1088,-0.0,-7.413017454115013
1089,-0.0,-2.12095564785299
1090,-0.0,-2.120955647855495
1091,-0.0,-2.120955647855503
1092,-0.0,-1.8288536004367488
1093,-0.0,-5.806416704962223
1094,-0.0,-3.858162935495186
1095,-0.0,-1.5248689534142459
1096,-0.0,-1.5248689534142459
1097,-0.0,-1.5248689534142459
1098,-0.0,-1.5248689534142459
1099,-0.0,-1.5248689534142459
1100,-0.0,-1.5248689534142459
1101,-0.0,-1.5248689534142459
1102,-0.0,-1.5248689534142459
1103,-0.0,-1.5248689534142459
1104,-0.0,-10.6008582234749
1105,-0.0,-1.5248689534142459
1106,-0.0,-5.380080614425306
1107,-0.0,-1.5248689534142459
1108,-0.0,-1.5248689534142459
1109,-0.0,-1.5248689534142459
1110,-0.0,-1.5248689534142459
1111,-0.0,-1.5248689534142459
1112,-0.0,-1.5248689534142459
1113,-0.0,-1.5248689534142459
1114,-0.0,-1.5248689534142459
1115,-0.0,-1.5248689534142459
1116,-0.0,-1.5248689534142459
1117,-0.0,-1.5248689534142459
1118,-0.0,-1.5248689534142459
1119,-0.0,-1.5248689534142459
1120,-0.0,-3.154094862121242
1121,-0.0,-1.5248689534142459
1122,-0.0,-1.5248689534142472
1123,-0.0,-1.535550757096529
1124,-0.0,-1.5248689534142459
1125,-0.0,-1.5248689534142459
1126,-0.0,-1.5248689534142459
1127,-0.0,-1.5248689534142459
1128,-0.0,-1.5248689534142459
1129,-0.0,-1.5248689534142459
1130,-0.0,-1.5248689534142459
1131,-0.0,-1.5248689534142459
1132,-0.0,-11.69587654656965
1133,-0.0,-1.5248689534142459
1134,-0.0,-1.5248689534142459
1135,-0.0,-1.5248689534142459
1136,-0.0,-1.5248689534142459
1137,-0.0,-3.786127694485379
1138,-0.0,-1.5248689534142459
1139,-0.0,-1.5248689534142459
1140,-0.0,-1.5248689534142459
1141,-0.0,-1.5248689534142459
1142,-0.0,-72.15009897235603
1143,-0.0,-1.5248689534142459
1144,-0.0,-1.5248689534142459
1145,-0.0,-1.5248689534142459
1146,-0.0,-78.21222411820796
1147,-0.0,-1.5248689534142459
1148,-0.0,-1.5248689534142459
1149,-0.0,-1.5248689534142459
1150,-0.0,-81.43255133121401
1151,-0.0,-4.090501479010036
1152,-0.0,-54.78434210997446
1153,-0.0,-31.476259555700906
1154,-0.0,-45.794645431384154
1155,-0.0,-1.5248689534142459
1156,-0.0,-1.5248689534142459
1157,-0.0,-1.5248689534142459
1158,-0.0,-1.5248689534142459
1159,-0.0,-89.26924126219035
1160,-0.0,-1.5248689534142459
1161,-0.0,-1.5248689534142459
1162,-0.0,-84.47803543292713
1163,-0.0,-1.5248689534142459
1164,-0.0,-1.5248689534142459
1165,-0.0,-1.5248689534142459
1166,-0.0,-1.5248689534142459
1167,-0.0,-99.93895978958612
1168,-0.0,-33.32217235963489
1169,-0.0,-53.764493865139784
1170,-0.0,-1.5248689534142459
1171,-0.0,-63.72165522367186
1172,-0.0,-1.5248689534142459
1173,-0.0,-21.66471731238081
1174,-0.0,-1.5248689534142459
1175,-0.0,-76.75478291638193
1176,-0.0,-1.5248689534142459
1177,-0.0,-8.381993532338615
1178,-0.0,-1.5248689534142459
1179,-0.0,-1.5248689534142459
1180,-0.0,-1.5248689534142459
1181,-0.0,-1.5248689534142459
1182,-0.0,-4.383797491642376
1183,-0.0,-1.5248689534142459
1184,-0.0,-1.5248689534142459
1185,-0.0,-39.53499497994751
1186,-0.0,-1.5248689534142459
1187,-0.0,-1.5248689534142459
1188,-0.0,-1.5248689534142459
1189,-0.0,-2.0828277799299473
1190,-0.0,-11.03526071896643
1191,-0.0,-27.19675102577094
1192,-0.0,-93.29687429222926
1193,-0.0,-159.0801444111342
1194,-0.0,-45.34057227424545
1195,-0.0,-47.084250933497
1196,-0.0,-43.21889887384022
1197,-0.0,-42.57610768297408
1198,-0.0,-46.46274923272499
1199,-0.0,-110.5106817195027
1200,-0.0,-166.27830087640478
1201,-0.0,-46.07834186855325
1202,-0.0,-44.92597446426551
1203,-0.0,-98.77567242873982
1204,-0.0,-162.9959391794972
1205,-0.0,-147.2166077532516
1206,-0.0,-47.0558871635753
1207,-0.0,-45.729718082910324
1208,-0.0,-44.3930832662125
1209,-0.0,-85.93529653276508
1210,-0.0,-44.78666908875983
1211,-0.0,-165.90833074415522
1212,-0.0,-45.97808235302795
1213,-0.0,-101.8339559185111
1214,-0.0,-44.90660298280277
1215,-0.0,-49.00720721573991
1216,-0.0,-43.51900945811574
1217,-0.0,-43.137460204451564
1218,-0.0,-42.85576139204594
1219,-0.0,-42.68819827667339
1220,-0.0,-178.44705410411652
1221,-0.0,-162.88340867394191
1222,-0.0,-159.1893463214363
1223,-0.0,-47.058726526262454
1224,-0.0,-45.45669612971138
1225,-0.0,-116.07900620634909
1226,-0.0,-44.12130106785381
1227,-0.0,-188.32221521123742
1228,-0.0,-44.82644273969022
1229,-0.0,-43.12104971026121
1230,-0.0,-41.68171376095923
1231,-0.0,-40.47917488027041
1232,-0.0,-202.3125866478002
1233,-0.0,-58.45689620065004
1234,-0.0,-40.70326493695413
1235,-0.0,-3.1733079567286433
1236,-0.0,-82.15437751211495
1237,-0.0,-3.17327531783372
1238,-0.0,-55.02871392794421
1239,-0.0,-21.843704089490778
1240,-0.0,-3.173555641619338
1241,-0.0,-38.07817885526744
1242,-0.0,-3.1741171205859042
1243,-0.0,-3.174397807138638
1244,-0.0,-47.630041560214174
1245,-0.0,-2.6441634254916733
1246,-0.0,-2.373249441485351
1247,-0.0,-2.098489631935258
1248,-0.0,-1.88506772042303
1249,-0.0,-1.5248689534142459
1250,-0.0,-1.5248689534142459
1251,-0.0,-1.5248689534142459
1252,-0.0,-94.55330905671494
1253,-0.0,-1.5248689534142459
1254,-0.0,-1.7935989731211648
1255,-0.0,-2.14263067840479
1256,-0.0,-2.142523630701013
1257,-0.0,-2.14252359822273
1258,-0.0,-2.142523598212877
1259,-0.0,-2.7179287153936422
1260,-0.0,-3.214288073812221
1261,-0.0,-2.149769268335231
1262,-0.0,-108.7919869152739
1263,-0.0,-2.1567776703812958
1264,-0.0,-2.156777631355197
1265,-0.0,-2.156777631355197
1266,-0.0,-41.72113293810136
1267,-0.0,-2.156777631355197
1268,-0.0,-2.156777631355197
1269,-0.0,-24.169114606506483
1270,-0.0,-2.156777631355197
1271,-0.0,-2.156777631355197
1272,-0.0,-61.45828712366276
1273,-0.0,-13.99918662242376
1274,-0.0,-2.167698602494555
1275,-0.0,-2.171453120811987
1276,-0.0,-2.530110519001941
1277,-0.0,-2.882663763463149
1278,-0.0,-3.229043300186437
1279,-0.0,-3.5692961352745862
1280,-5.965623576690734,-3.986923752744206
1281,-4.704914004437231,-6.087728981606141
1282,-4.963891925172509,-4.065122749647788
1283,-4.633516820918681,-6.725585937547894
1284,-4.489104882275046,-4.113310659857496
1285,-4.2674816992923885,-4.150111252065612
1286,-4.362428947605568,-4.445021062745758
1287,-4.106207699034786,-4.234836703128317
1288,-3.853585646560365,-4.280908134570733
1289,-3.7055358202464705,-4.340463415759171
1290,-3.5637637489568115,-4.407120763981323
1291,-3.402430416839086,-4.472343787029155
1292,-3.2109372710621797,-4.256698865116141
1293,-3.0295259778576047,-4.287622035832027
1294,-2.8670098233477965,-4.3168911671837025
1295,-2.7091688314079883,-4.33927254858993
1296,-4.448357124344873,-11.45937937168025
1297,-2.9722765701078884,-4.052615732057223
1298,-2.7,-3.563921671591579
1299,-2.7,-3.639335184515795
1300,-2.7,-4.2989554879158165
1301,-2.7,-4.3597802560529395
1302,-2.7,-4.421360323901866
1303,-2.7,-4.8961554260979145
1304,-4.109066746871959,-17.94336142923052
1305,-2.7,-4.5232564349453055
1306,-2.7,-4.572119133057332
1307,-2.7,-4.736703455349252
1308,-2.7,-4.999550956642437
1309,-2.7,-5.148048943624514
1310,-2.7,-5.32570252973116
1311,-4.064892255958912,-11.20511837347397
1312,-3.1072850533943446,-4.936007492465933
1313,-3.86396389402695,-7.462419300829627
1314,-3.4590563536484873,-4.942375200787313
1315,-3.130560021752207,-4.855725824133367
1316,-3.1459677658861125,-4.889242850819555
1317,-3.2701348146479567,-5.0798476471103235
1318,-3.3762801250416943,-5.186044429741767
1319,-3.471247791322631,-5.173196580944637
1320,-4.210417982519277,-6.345551017158013
1321,-4.655523507577182,-6.699274689576205
1322,-5.061916739930561,-5.716058277738283
1323,-5.334880313651564,-5.447570667010776
1324,-5.941269767679119,-5.279693456775316
1325,-4.568760067945751,-15.029787133744481
1326,-6.397780393944269,-5.109540950313665
1327,-4.590414315218647,-16.579864813751342
1328,-6.151922142084163,-9.615527255461307
1329,-7.104182979929619,-4.890831828011764
1330,-7.558578754482078,-4.793636798062055
1331,-8.007106773842409,-4.660593518286274
1332,-0.0,-45.42012821917595
1333,-0.0,-200.827564086232
1334,-0.0,-45.27649100995714
1335,-0.0,-195.9407957072139
1336,-0.0,-44.761438415798914
1337,-0.0,-43.97585975279003
1338,-0.0,-42.119108835643786
1339,-0.0,-41.07242014366057
1340,-0.0,-40.35820762265818
1341,-0.0,-208.0478217381955
1342,-0.0,-42.06690470456215
1343,-0.0,-40.70152065990846
1344,-0.0,-39.23999731394465
1345,-0.0,-42.28402613960483
1346,-0.0,-42.152207307402676
1347,-0.0,-102.86402083935928
1348,-0.0,-206.4113235524581
1349,-0.0,-67.99531515483163
1350,-0.0,-40.97102564224054
1351,-0.0,-3.962513995927421
1352,-0.0,-17.916777032893968
1353,-0.0,-3.5900032079552697
1354,-0.0,-113.12641165013119
1355,-0.0,-3.6176027467122442
1356,-0.0,-72.98039398750227
1357,-0.0,-3.6167138234282534
1358,-0.0,-3.6162698064060788
1359,-0.0,-3.615822071911733
1360,-0.0,-92.31372340259055
1361,-0.0,-4.453746194301096
1362,-0.0,-3.615826070077745
1363,-0.0,-3.615826070077745
1364,-0.0,-202.730014083665
1365,-0.0,-47.6206094601522
1366,-0.0,-46.222306773930285
1367,-0.0,-205.5219409222325
1368,-0.0,-20.38061096851462
1369,-0.0,-20.557771096911978
1370,-0.0,-20.33601862538946
1371,-0.0,-29.61952197887628
1372,-0.0,-111.8704109683519
1373,-0.0,-21.58050342387382
1374,-0.0,-79.68143177077877
1375,-0.0,-22.66118394104723
1376,-5.786969932509141,-3.897069787865389
1377,-5.3890303245995375,-4.034035968702681
1378,-4.541477387148017,-12.272420926621951
1379,-4.751867544943267,-4.136152299058568
1380,-4.328058249621362,-4.209728370905736
1381,-4.022811371574774,-4.325077949743472
1382,-3.7641029648339326,-4.429361701167425
1383,-3.483254449318733,-4.487834336110723
1384,-3.172616262004336,-4.574421501590227
1385,-2.7823559570756298,-4.658690905341499
1386,-2.7,-4.789023067511207
1387,-2.7,-4.8863763859146205
1388,-2.7,-4.948592428836484
1389,-2.7,-4.575220243255213
1390,-2.7,-4.6104485804383595
1391,-2.7,-5.158687791710765
1392,-2.7,-4.2425563506731665
1393,-2.7,-3.881096225460426
1394,-2.7,-8.517543840266692
1395,-2.7,-4.816053457680386
1396,-2.7,-4.295944343683839
1397,-2.7,-4.361080992581974
1398,-4.1334597474709325,-15.289288917891131
1399,-2.7,-4.235184743706622
1400,-2.7,-4.639368467553554
1401,-2.7,-4.767769020678438
1402,-2.7,-5.056073482293839
1403,-2.7,-5.993025592136053
1404,-2.7,-5.5356115784380275
1405,-2.7,-5.658401509569898
1406,-2.7,-7.234323101084892
1407,-2.7,-6.132333082903091
1408,-2.7,-5.635373335824288
1409,-2.7,-5.673842198537577
1410,-2.7,-10.08399974375197
1411,-4.217623618363845,-18.931754435567072
1412,-2.8833832851918664,-5.692200367992599
1413,-3.517811491898232,-8.626893298794057
1414,-2.7578645577785323,-4.998953819591066
1415,-2.7,-4.844709590355963
1416,-3.2898918802401886,-6.40370380403475
1417,-3.742240289953429,-6.196750894153386
1418,-4.09434160306808,-6.035086592657511
1419,-4.501867314081095,-5.848143291737978
1420,-4.500189827467397,-10.924820090669021
1421,-5.636051273259326,-5.296887366731766
1422,-6.3446327121556605,-5.183304830272308
1423,-5.13877482611705,-0.21664666206480981
1424,-4.995704043773084,-0.21664285897666372
1425,-4.965986032850626,-0.21664285897666372
1426,-5.000438205026283,-0.21664285897666372
1427,-5.08899294732638,-0.21664285897666372
1428,-0.0,-2.125326794340762
1429,-0.0,-2.785424189375854
1430,-0.0,-2.163976369752957
1431,-0.0,-50.69716343766905
1432,-0.0,-16.85624735594226
1433,-0.0,-2.160255952196427
1434,-0.0,-2.747766093882859
1435,-0.0,-2.153196371633839
1436,-0.0,-63.20248202350897
1437,-0.0,-2.153420753692791
1438,-0.0,-2.153420753694152
1439,-0.0,-2.153420753694152
1440,-0.0,-2.153420753694152
1441,-0.0,-2.153420753694152
1442,-0.0,-2.153420753694152
1443,-0.0,-2.153420753694152
1444,-0.0,-1.7993016254126828
1445,-0.0,-36.76567880518633
1446,-0.0,-1.5248689534142459
1447,-0.0,-1.5248689534142459
1448,-0.0,-38.102381968969524
1449,-0.0,-1.5248689534142459
1450,-0.0,-1.803571378563767
1451,-0.0,-2.16844503712534
1452,-0.0,-43.83378099270347
1453,-0.0,-2.16832470644499
1454,-0.0,-2.16832470644499
1455,-0.0,-39.62233009446966
1456,-0.0,-2.16832470644499
1457,-0.0,-72.42878646804898
1458,-0.0,-2.16832470644499
1459,-0.0,-2.168324706444991
1460,-0.0,-2.531482239835564
1461,-0.0,-2.893039289731381
1462,-0.0,-18.9986134230175
1463,-0.0,-3.6123983146749286
1464,-0.0,-21.92013695115998
1465,-0.0,-83.13755912432524
1466,-0.0,-52.26222510446395
1467,-0.0,-21.33818843875774
1468,-0.0,-112.5412288686335
1469,-0.0,-37.36522555106573
1470,-0.0,-23.5748163092098
1471,-0.0,-79.08366156689603
1472,-5.307313194947482,-4.044936512914449
1473,-4.612493223927772,-5.750514833285637
1474,-4.67290749715558,-4.271845760958558
1475,-4.5392751002820075,-4.394078476534479
1476,-4.50412204062402,-7.036592861673889
1477,-3.673933405846,-4.517983471681515
1478,-3.133367431211665,-4.688093924967958
1479,-2.86374517701302,-5.4076809730406135
1480,-4.143331646772987,-10.79807582849058
1481,-2.7885125258078562,-4.898687948889707
1482,-2.7,-5.122625538246972
1483,-4.205836449843842,-18.27576144478979
1484,-3.3705992119627965,-6.871896098403036
1485,-4.422210900299785,-13.494002500192662
1486,-3.258366127535679,-5.6997168745353815
1487,-2.7,-4.281318283862254
1488,-5.455818797269409,-15.9450875495187
1489,-4.55638334182544,-8.394254201668968
1490,-2.7,-3.535391688620375
1491,-2.7,-5.187873925184931
1492,-2.7,-4.293755020759478
1493,-2.7,-4.4666292233191145
1494,-2.7,-4.848765730584738
1495,-2.7,-5.173479181041544
1496,-4.154973021147383,-19.75718119848623
1497,-2.9517689779124416,-4.97230966418859
1498,-3.8800940392569436,-8.724368063260677
1499,-3.1353509312551795,-5.085511848355842
1500,-2.7,-4.896899492432335
1501,-2.7,-4.944624988044209
1502,-2.741902462317116,-5.0057809101890465
1503,-4.423980665873375,-19.10224259315625
1504,-3.609962297804396,-4.406433143950471
1505,-3.394514857848879,-4.404116363356997
1506,-3.390957452974484,-4.551213434407032
1507,-3.3656651700849887,-4.693485098306681
1508,-3.333107023814809,-4.7749689850824595
1509,-3.2952168189926483,-4.87450686888034
1510,-3.3527398019039993,-4.903397169205975
1511,-3.4591257186206215,-4.8631425534655754
1512,-4.236611914375487,-6.331189294577768
1513,-4.74436608374887,-5.945432034496042
1514,-5.0926551697490225,-5.72108619947105
1515,-5.48435158521093,-5.483462934666123
1516,-6.167084804462699,-5.2847429483377
1517,-6.718252455554562,-5.153039206465048
1518,-4.571869984824061,-16.91539712486275
1519,-6.150434747389886,-8.934282913418464
1520,-7.213379531406967,-4.91037782871443
1521,-7.711932160256037,-4.808169843400587
1522,-8.188256957340617,-4.6654621880584
1523,-8.112251220019024,-6.6910609869438
1524,-0.0,-44.46400351409239
1525,-0.0,-46.149012697834635
1526,-0.0,-42.440598045647256
1527,-0.0,-41.42689519333808
1528,-0.0,-210.8670647001415
1529,-0.0,-42.63873541313772
1530,-0.0,-41.159240752992076
1531,-0.0,-42.384609173692546
1532,-0.0,-209.9113004671731
1533,-0.0,-41.74380297838539
1534,-0.0,-43.79012285849878
1535,-0.0,-38.83866846547264
1536,-0.0,-38.10239360517412
1537,-0.0,-37.52186480644549
1538,-0.0,-213.11202015011972
1539,-0.0,-40.15749811052664
1540,-0.0,-43.60297520101962
1541,-0.0,-209.675024357929
1542,-0.0,-40.28925196329128
1543,-0.0,-38.344140091725805
1544,-0.0,-208.8342396045029
1545,-0.0,-40.14019838790923
1546,-0.0,-98.93842295305858
1547,-0.0,-42.750283651501974
1548,-0.0,-37.95441159727976
1549,-0.0,-211.1027166050173
1550,-0.0,-39.78060912560047
1551,-0.0,-204.7623345024608
1552,-0.0,-188.38769677093958
1553,-0.0,-184.7568445353338
1554,-0.0,-41.917236089596706
1555,-0.0,-41.615309596475385
1556,-0.0,-203.4094298544931
1557,-0.0,-185.9763598564055
1558,-0.0,-41.92126306053208
1559,-0.0,-40.31930384374481
1560,-0.0,-18.10930429645319
1561,-0.0,-102.44776341303381
1562,-0.0,-19.22060870991836
1563,-0.0,-19.45537850568513
1564,-0.0,-138.0613968347819
1565,-0.0,-20.65913639756136
1566,-0.0,-20.858879686160872
1567,-0.0,-126.8971324245751
1568,-5.95500903498267,-3.781233941832251
1569,-6.180442825650459,-3.8845882215236363
1570,-6.031604138660909,-3.9774178882718663
1571,-5.846931092020463,-4.055871079022545
1572,-5.321596505181208,-4.15391810205561
1573,-4.613047244556787,-12.850425299022891
1574,-4.597168298347532,-4.217844217280348
1575,-4.504670001086222,-4.244930674451696
1576,-4.322508782396416,-4.3695253564414225
1577,-4.149345461743998,-4.441230626481383
1578,-4.007405112377042,-4.509131759921148
1579,-3.8839161330885235,-4.563862253991814
1580,-3.7614562268277942,-4.325407418991918
1581,-3.6552840363805332,-4.33423166425483
1582,-3.5449404014008827,-4.338141035963088
1583,-4.03374601782376,-5.654977599577027
1584,-3.278579554841041,-3.688451834960512
1585,-2.800018187114921,-3.6968379339769344
1586,-4.439280226953815,-9.010577311353172
1587,-3.3249960600795703,-3.593112296315941
1588,-4.418251848876256,-10.42850706742977
1589,-3.658545927925109,-4.150189377964205
1590,-4.391137068408738,-12.087139815991291
1591,-3.6054371600189086,-4.154047854209207
1592,-3.320168529079314,-4.421794264119874
1593,-3.269150586377137,-4.567210363159401
1594,-3.24811059450131,-4.662786929144247
1595,-3.234430499071067,-4.8464011559340445
1596,-3.333900113412138,-4.927151813697042
1597,-4.3043398393545536,-7.852426521279124
1598,-4.040315793686252,-4.614044578686262
1599,-3.7789000958577796,-4.503219185956408
1600,-3.9333058653492574,-4.506304469256629
1601,-4.111936177373223,-4.576719268437467
1602,-4.3896111172819365,-5.761711231864826
1603,-4.369723936380739,-4.618074333686398
1604,-4.333046524073013,-4.579412183382263
1605,-4.34159945444819,-4.582817997675103
1606,-4.407610192938035,-4.6117775410711985
1607,-4.49217274281802,-18.08658934950364
1608,-5.2555256071991465,-5.261681011090704
1609,-5.725682401969923,-5.129341460902118
1610,-6.089678125210477,-5.057348476427685
1611,-6.329161714510296,-5.042022105676766
1612,-6.901567126332931,-5.4032132146269145
1613,-4.61385268672507,-17.33750015729987
1614,-6.162724140734465,-8.713313513308828
1615,-7.168642454415058,-4.758516258644707
1616,-4.651984005303365,-19.22342306810063
1617,-6.951031981694371,-4.694107762223975
1618,-7.938690448982686,-4.539340557273915
1619,-8.077685528837465,-6.854593335435234
1620,-0.0,-43.33719357992699
1621,-0.0,-44.97563525984467
1622,-0.0,-40.82556754079952
1623,-0.0,-211.2578523681971
1624,-0.0,-42.22041433127466
1625,-0.0,-40.68656748823049
1626,-0.0,-39.45844007121731
1627,-0.0,-38.44673654213143
1628,-0.0,-37.79350163444172
1629,-0.0,-183.3752977032277
1630,-0.0,-201.0818914053008
1631,-0.0,-41.01123050198374
1632,-0.0,-204.4246502652362
1633,-0.0,-41.31934245781807
1634,-0.0,-39.17833901894496
1635,-0.0,-206.99378625921491
1636,-0.0,-40.65071541391149
1637,-0.0,-165.38134641069152
1638,-0.0,-143.5707485979048
1639,-0.0,-146.19079052864652
1640,-0.0,-41.297414190067094
1641,-0.0,-40.03998063875903
1642,-0.0,-207.34227660934613
1643,-0.0,-40.783997430659554
1644,-0.0,-164.3135814215276
1645,-0.0,-40.28855914696972
1646,-0.0,-39.01059471169802
1647,-0.0,-209.1081019577069
1648,-0.0,-40.35032636674799
1649,-0.0,-204.46474281095058
1650,-0.0,-66.23943734018583
1651,-0.0,-39.49101130741512
1652,-0.0,-172.8314995040754
1653,-0.0,-196.1588605719315
1654,-0.0,-41.46273149591407
1655,-0.0,-150.9517259616724
1656,-0.0,-19.04127192783724
1657,-0.0,-19.25324491801773
1658,-0.0,-19.182007506484048
1659,-0.0,-83.3425944464706
1660,-0.0,-58.28446760998928
1661,-0.0,-21.10915736664369
1662,-0.0,-21.5630587156071
1663,-0.0,-113.5238384555027
1664,-5.693720303292389,-3.9825145824508787
1665,-5.802282419724054,-4.1100414776153285
1666,-4.681128881837541,-5.702365967009845
1667,-4.79562494644982,-4.462557864343973
1668,-4.2121230867689246,-4.821072587042745
1669,-3.6505995549257335,-4.892192747602265
1670,-3.25161182453735,-5.07109878736729
1671,-2.944111339633698,-5.18182018212693
1672,-5.4945383416422295,-17.13758759785922
1673,-3.5184604370734607,-4.596328075097461
1674,-2.8451012534386386,-4.891122149141488
1675,-2.7,-5.258058068812546
1676,-2.7,-5.023996484230055
1677,-2.7,-5.141148666493986
1678,-2.7,-5.280716757236356
1679,-4.257754406014935,-17.38934759587832
1680,-2.7,-3.8041949673935616
1681,-2.7,-4.0088402993843735
1682,-2.7,-6.770015355670666
1683,-2.7,-3.9149444054637454
1684,-2.7,-4.6079273458474574
1685,-2.7,-4.651677572556227
1686,-2.7,-4.6122244975822175
1687,-2.7646987952361437,-4.509469595894257
1688,-2.8639707218601322,-5.092725756478039
1689,-2.8635382846876682,-5.204049395462557
1690,-2.8136697701283206,-5.27425796926898
1691,-4.405355125087719,-20.140049694837913
1692,-3.3761623441325916,-4.504577082474455
1693,-3.069305860473093,-4.528679375130704
1694,-2.9785378412416863,-4.6384952892947435
1695,-4.4304623042534095,-18.33568364552818
1696,-3.5650738062159273,-4.467051313686243
1697,-3.3059550773975035,-4.5167159888348145
1698,-3.2887077772670823,-4.678134059892542
1699,-5.866850495898702,-17.523154842546862
1700,-4.361483929431907,-4.437101745644868
1701,-3.961525485295676,-4.498579773832778
1702,-3.930695895020668,-4.648244987238382
1703,-4.457241899156951,-17.39642877344613
1704,-4.875470974358206,-5.708022155460438
1705,-5.210462935711546,-5.137607653726814
1706,-5.548388655477834,-6.071550925080653
1707,-5.81423770930687,-6.345319297364634
1708,-6.4318386905495135,-4.946204101525447
1709,-6.858567037592405,-4.864969697934903
1710,-4.611508060219183,-17.29258834855985
1711,-4.515398415807967,-14.971998416538673
1712,-4.501833444327675,-16.670722819041593
1713,-6.977238714465481,-4.78883046097156
1714,-7.651870319884465,-4.653085078659787
1715,-8.005296940706899,-4.5353222848544785
1716,-0.0,-150.5583678879817
1717,-0.0,-44.511600703922014
1718,-0.0,-43.586191454108466
1719,-0.0,-42.01404557565551
1720,-0.0,-40.75784412922478
1721,-0.0,-40.06196963642189
1722,-0.0,-39.30822843095937
1723,-0.0,-212.8546921812955
1724,-0.0,-41.568028529127815
1725,-0.0,-174.30683747315442
1726,-0.0,-75.80791711395696
1727,-0.0,-40.15367539578125
1728,-0.0,-206.5642258884973
1729,-0.0,-41.297869000667944
1730,-0.0,-199.3714484710459
1731,-0.0,-41.73296332790548
1732,-0.0,-197.4775774037727
1733,-0.0,-41.8621899085342
1734,-0.0,-40.43799137320349
1735,-0.0,-203.1711882937485
1736,-0.0,-41.22284057730194
1737,-0.0,-39.89983351112712
1738,-0.0,-204.8504503928398
1739,-0.0,-3.521808179346647
1740,-0.0,-66.67149933628147
1741,-0.0,-3.2714688134486973
1742,-0.0,-3.2714688134486973
1743,-0.0,-3.2714688134486973
1744,-0.0,-3.2714688134486973
1745,-0.0,-69.38300887558285
1746,-0.0,-3.2714688134486933
1747,-0.0,-5.292933008203081
1748,-0.0,-47.69787893346543
1749,-0.0,-65.32969865708195
1750,-0.0,-44.66842539565301
1751,-0.0,-43.12909810118773
1752,-0.0,-156.6287022352835
1753,-0.0,-190.34462592760588
1754,-0.0,-176.16652319600328
1755,-0.0,-98.47262343592931
1756,-0.0,-122.5010361851212
1757,-0.0,-107.1554831112269
1758,-0.0,-173.8666771084655
1759,-0.0,-48.65524845253579
1760,-0.0,-43.97343901480011
1761,-0.0,-45.08334391210383
1762,-0.0,-99.81450628102948
1763,-0.0,-158.7267176770317
1764,-0.0,-44.94833513979872
1765,-0.0,-46.39347769375923
1766,-0.0,-159.0954395454373
1767,-0.0,-73.27851680012017
1768,-0.0,-45.38840152454437
1769,-0.0,-44.62490163846844
1770,-0.0,-44.47653774258869
1771,-0.0,-44.381417898603715
1772,-0.0,-44.39426793270797
1773,-0.0,-44.43059029546887
1774,-0.0,-44.48372400224328
1775,-0.0,-44.5454318393022
1776,-0.0,-147.0921992163712
1777,-0.0,-135.0067467197626
1778,-0.0,-47.834948799259315
1779,-0.0,-47.03038883201414
1780,-0.0,-45.84999274864495
1781,-0.0,-162.53013999459378
1782,-0.0,-46.61411821374529
1783,-0.0,-45.79230409025227
1784,-0.0,-44.93314427742079
1785,-0.0,-44.59495851777816
1786,-0.0,-44.575474924664725
1787,-0.0,-155.7513610978643
1788,-0.0,-46.86316470731451
1789,-0.0,-47.69934532666656
1790,-0.0,-44.97003557252446
1791,-0.0,-44.60731656230226
1792,-0.0,-44.46222174731969
1793,-0.0,-161.7849810410737
1794,-0.0,-48.55853395778573
1795,-0.0,-45.7199443964045
1796,-0.0,-45.77091725839933
1797,-0.0,-171.172890661237
1798,-0.0,-158.4483099238504
1799,-0.0,-78.19843645448341
1800,-0.0,-46.13098488905689
1801,-0.0,-44.825664635227966
1802,-0.0,-43.82537651882213
1803,-0.0,-54.71585844248128
1804,-0.0,-42.559326451670906
1805,-0.0,-42.04692119806338
1806,-0.0,-155.6783485125894
1807,-0.0,-42.62511079287765
1808,-0.0,-41.779367018472996
1809,-0.0,-40.74223983096656
1810,-0.0,-83.8580591069397
1811,-0.0,-40.02919010395795
1812,-0.0,-39.65921820940168
1813,-0.0,-207.5452407416368
1814,-0.0,-41.437169122783715
1815,-0.0,-40.197080506008525
1816,-0.0,-39.01466687581324
1817,-0.0,-206.5216139785868
1818,-0.0,-40.89469930846105
1819,-0.0,-39.63980781466199
1820,-0.0,-171.27983063015571
1821,-0.0,-40.31277944697612
1822,-0.0,-39.07841557741544
1823,-0.0,-3.2091255883496648
1824,-0.0,-114.4223106232769
1825,-0.0,-57.0712239006226
1826,-0.0,-3.192198938071454
1827,-0.0,-3.186717660838192
1828,-0.0,-70.24697544365148
1829,-0.0,-2.6518651873061208
1830,-0.0,-2.378769558045029
1831,-0.0,-57.03394839163096
1832,-0.0,-21.67922232453458
1833,-0.0,-37.26430138025275
1834,-0.0,-2.108372998403993
1835,-0.0,-2.110623780908185
1836,-0.0,-2.391698385082451
1837,-0.0,-2.668685149284574
1838,-0.0,-2.941521451783938
1839,-0.0,-65.84447403103934
1840,-0.0,-2.9416213271899947
1841,-0.0,-2.668783360629521
1842,-0.0,-2.391893931520631
1843,-0.0,-2.110721141750206
1844,-0.0,-2.391533358820214
1845,-0.0,-2.6682552613164607
1846,-0.0,-2.94072749639027
1847,-0.0,-12.57620732870643
1848,-0.0,-3.216627524896623
1849,-0.0,-3.224086046314855
1850,-0.0,-64.52006386925272
1851,-0.0,-3.239398609504943
1852,-0.0,-47.23337606141361
1853,-0.0,-185.1387004843086
1854,-0.0,-51.07323177942144
1855,-0.0,-52.43942297757367
1856,-0.0,-176.3285058078833
1857,-0.0,-3.2102814372113277
1858,-0.0,-2.6678682654990054
1859,-0.0,-19.24074075277616
1860,-0.0,-2.1075072628954583
1861,-0.0,-2.105322448626159
1862,-0.0,-20.640653639607308
1863,-0.0,-2.42558799839567
1864,-0.0,-2.374847635051901
1865,-0.0,-2.642969039490519
1866,-0.0,-2.9054004616486666
1867,-0.0,-3.2671451721249336
1868,-0.0,-3.1327937134019326
1869,-0.0,-3.151920743457426
1870,-0.0,-3.1469679420120427
1871,-0.0,-3.7424107283026053
1872,-0.0,-56.19350069012251
1873,-0.0,-52.360289580485144
1874,-0.0,-50.3872595188376
1875,-0.0,-135.5720324952053
1876,-0.0,-119.65264223854919
1877,-0.0,-49.007083152945235
1878,-0.0,-47.775322263159
1879,-0.0,-46.17603988016903
1880,-0.0,-45.30268006851423
1881,-0.0,-178.8977372804662
1882,-0.0,-162.3695203457439
1883,-0.0,-46.941216937304965
1884,-0.0,-174.04798725975888
1885,-0.0,-154.5550830150435
1886,-0.0,-46.5530626974079
1887,-0.0,-49.92138676234268
1888,-0.0,-44.24484890049667
1889,-0.0,-184.0607217966068
1890,-0.0,-44.65951441829188
1891,-0.0,-65.91202081600042
1892,-0.0,-2.8237716398294412
1893,-0.0,-2.568398549112386
1894,-0.0,-2.297732759527928
1895,-0.0,-2.035935737564695
1896,-0.0,-1.788454075765138
1897,-0.0,-1.5248689534142459
1898,-0.0,-1.5248689534142459
1899,-0.0,-1.5248689534142459
1900,-0.0,-1.5248689534142459
1901,-0.0,-1.5248689534142459
1902,-0.0,-56.142391135820645
1903,-0.0,-1.5248689534142459
1904,-0.0,-39.881989122942244
1905,-0.0,-1.5248689534142459
1906,-0.0,-1.5248689534142459
1907,-0.0,-1.5248689534142459
1908,-0.0,-22.12024268843079
1909,-0.0,-13.79261267741655
1910,-0.0,-71.10188752295049
1911,-0.0,-1.5248689534142459
1912,-0.0,-1.5248689534142459
1913,-0.0,-1.5248689534142459
1914,-0.0,-1.5248689534142459
1915,-0.0,-1.5248689534142459
1916,-0.0,-97.99860624754386
1917,-0.0,-10.02672554427765
1918,-0.0,-1.5248689534142459
1919,-0.0,-1.669666593006363
1920,-0.0,-2.818117614880701
1921,-0.0,-3.2802099348966904
1922,-0.0,-4.04027770256385
1923,-0.0,-161.158480134645
1924,-0.0,-3.959677478132387
1925,-0.0,-46.406212675325726
1926,-0.0,-109.4826035545862
1927,-0.0,-22.75107905697783
1928,-0.0,-148.8515984175817
1929,-0.0,-4.504658668981411
1930,-0.0,-149.62090411326722
1931,-0.0,-12.05764031933362
1932,-0.0,-107.4131966383994
1933,-0.0,-5.371097500829908
1934,-0.0,-119.21660236378301
1935,-0.0,-70.40686680542238
1936,-0.0,-5.393071065430897
1937,-0.0,-6.323405741287388
1938,-0.0,-7.102563754951891
1939,-0.0,-7.868410870197603
1940,-0.0,-149.50060667791848
1941,-0.0,-154.1932280343556
1942,-0.0,-76.78149721436071
1943,-0.0,-5.1507015048379365
1944,-0.0,-152.07947693488882
1945,-0.0,-8.96918824152958
1946,-0.0,-136.8385446963201
1947,-0.0,-3.373540667193093
1948,-0.0,-3.596429514039375
1949,-0.0,-99.35297766839844
1950,-0.0,-3.216549414443037
1951,-0.0,-3.1283375459850453
1952,-4.836844498264741,-10.456239834037211
1953,-5.762585494807919,-0.5552988670667462
1954,-6.027315228314836,-0.4520092870000819
1955,-5.407118273060476,-0.38223888206609524
1956,-4.409239112112512,-0.31346305468094654
1957,-3.4053809445850143,-0.25221276121774133
1958,-2.8075922525601023,-0.2090160906235022
1959,-2.7,-0.17273717530586608
1960,-2.7,-0.165766509765429
1961,-2.7,-0.15974347564207803
1962,-2.7,-0.1789867626251082
1963,-2.7,-0.1524868953414246
1964,-2.7,-0.1524868953414246
1965,-4.030938543715721,-2.739139883103241
1966,-2.7,-0.2945840149929328
1967,-2.7,-0.1524868953414246
1968,-2.7,-1.589633747262418
1969,-2.7,-0.1524868953414246
1970,-2.7,-0.1524868953414246
1971,-2.7,-0.20336888428234393
1972,-2.7,-0.4611359195576501
1973,-3.9880369957716204,-4.012100353545739
1974,-2.7452658716859575,-1.957876958810979
1975,-2.7,-0.3755957607712849
1976,-2.7947281584173918,-4.364196544098808
1977,-3.1318023134093735,-4.31474897562777
1978,-3.2221577142403923,-4.2684949927314015
1979,-4.458957390072826,-13.59374409796592
1980,-4.4944780746148005,-10.98297907388014
1981,-4.239456442172712,-3.9891804171350134
1982,-4.40565095168471,-5.479387521721418
1983,-2.7,-0.3727928485633881
1984,-4.3801546951436015,-11.47213946394034
1985,-4.483524297477728,-10.31484583616181
1986,-4.512123246663757,-3.9272638451302186
1987,-4.69514967539033,-3.9226322998911245
1988,-4.808052786355252,-3.9269161780020614
1989,-4.8684752313766,-3.9156544319769484
1990,-4.922656833464805,-3.895240472719258
1991,-2.774541542845158,-0.3866400003383422
1992,-2.7,-0.3196379324637251
1993,-2.7,-0.28191569314702053
1994,-2.7,-0.6406639946658269
1995,-2.7,-0.19563018028762513
1996,-2.7,-0.1524868953414246
1997,-2.7575947905926754,-0.1524868953414246
1998,-3.1251972454216017,-0.1524868953414246
1999,-3.455077954755764,-0.1524868953414246
